Metabolite,SQ437_B_0,SQ437_B_1,SQ437_B_2,SQ437_B_3,SQ437_B_4,SQ437_B_5
1-Methylnicotinamide,9115,6687,6796,5673,8484,3220
"2,3-Diphosphoglyceric acid",0,0,0,0,0,0
3-Hydroxybutyric acid,152369,141953,141862,138170,156211,153108
3-Phosphoglyceric acid,9168,4255,59089,15946,79284,23879
"4,5-Dihydroorotic acid",0,0,0,1541,0,0
4-Hydroxyproline,65034,15269,97246,11904,58112,13379
5'-Methylthioadenosine,38963,3893,45335,2903,37009,3516
5-Phosphoribosylamine,0,0,0,0,1639,0
6-Phosphogluconic acid,0,0,5589,0,8508,1910
Acetoacetic acid,22873,17356,25386,20772,27960,24642
Acetyl-CoA,0,0,2090,0,0,0
Acetylcysteine,1612,1756,0,0,0,0
Adenine,216293,65812,188670,71255,220672,135251
Adenosine,41513,25534,28949,33514,38527,53844
Adenosine diphosphate ribose,0,0,0,0,2071,0
Adenosine monophosphate,132590,31211,178244,67383,319356,102659
Adenosine triphosphate,20845,2030,188101,32227,306229,61790
Adenylsuccinic acid,0,0,0,0,0,0
ADP,42121,24985,257624,98414,450406,160110
Allantoin,0,0,0,0,0,0
Aminoadipic acid,1763,1859,4351,2345,2424,1782
Argininosuccinic acid,1540,0,1832,0,1162,0
Beta-Alanine,39023,27089,90703,46847,74594,58506
Betaine,383751,385142,413825,385400,437101,433375
Butyrylcarnitine,3318,2851,5701,2450,2885,5608
Carbamoyl phosphate,632114,32535,1166884,41117,952212,28699
Carnosine,0,0,0,0,0,0
CDP,2528,1427,11957,5467,14305,7619
Choline,84213,19853,105521,17292,320653,15686
cis-Aconitic acid,101856,32712,493736,87525,777404,103227
Citric acid,1971576,958014,1945152,776307,2055455,717657
Citrulline,26245,27566,37109,27048,113805,24965
Creatine,7687539,143192,14419734,695502,22296378,879882
Creatinine,83253,39894,289210,82828,461983,125217
Cyclic AMP,0,0,0,1494,2096,2269
Cytidine,13337,4179,2117,3018,3077,3107
Cytidine monophosphate,2421,0,3386,0,4464,0
Cytidine triphosphate,0,0,6347,0,10475,1999
Cytosine,15031,20593,21890,12642,21568,15684
D-2-Hydroxyglutaric acid,120866,31243,146370,26647,440326,31345
D-Glucose,80552,14368,70116,13938,150197,13168
D-Glyceraldehyde 3-phosphate,22965,5762,87834,30998,145307,32583
Dihydrofolic acid,0,0,0,0,0,0
Dihydroxyacetone phosphate,26406,2347,96241,9628,144349,14093
D-Ribose 5-phosphate,8960,0,25078,6862,31708,7063
D-Sedoheptulose 7-phosphate,14699,2313,32436,8124,29695,8868
dTDP,0,0,3171,1890,2636,1286
FAD,0,0,0,0,2140,0
Folic acid,1468,0,0,0,5235,0
"Fructose 1,6-bisphosphate",9799,1243,42512,2408,71315,10921
Fructose 6-phosphate,56547,14914,150921,31135,173843,35610
Fumaric acid,221901,52502,409013,62272,415041,54157
Glucose 6-phosphate,210873,61960,281482,55783,287176,55669
Glutathione,78501,25380,255689,111139,742720,317138
Glycerol 3-phosphate,218336,40578,1100034,155288,1346744,166631
Glycine,9367796,7818770,9372741,7572957,9764687,8114470
Guanidoacetic acid,5086456,8271,10885688,27557,18569598,31927
Guanine,12236,8173,3153,5874,7845,3705
Guanosine,11705,2703,0,0,0,1919
Guanosine diphosphate,1661,1230,8327,2244,15356,5735
Guanosine monophosphate,71888,24110,8437,7448,7137,2678
Guanosine triphosphate,0,0,0,0,0,0
Homocysteine,1432,0,1800,1538,0,1479
Hypotaurine,29289,0,43388,0,44811,0
Hypoxanthine,3061,2247,2518,2414,2860,1864
Inosine,0,0,0,0,0,0
Inosinic acid,0,0,1998,0,0,0
L-Acetylcarnitine,16322,15263,10794,10643,11906,10072
L-Alanine,12573427,165430,20016368,252924,8759799,239814
L-Arginine,10102375,2756652,9274954,2318849,10815290,2617241
L-Asparagine,46191,3074,113624,6053,27711,5342
L-Aspartic acid,2050897,58553,2155555,48794,1441148,30860
L-Carnitine,18933,10879,19847,12473,29672,9162
L-Cystathionine,27810,2958,74298,9223,25808,6098
L-Cysteine,0,0,1637,1488,1489,0
L-Cystine,2179,1333,1004,0,0,0
L-Glutamic acid,24334398,515793,28711926,911899,20163582,702864
L-Glutamine,66526572,362584,65308548,681199,33077860,468432
L-Histidine,5855880,161179,7290897,198567,6363190,178183
L-Isoleucine,710669,59987,785074,72298,667359,67452
L-Kynurenine,3045,2862,0,0,2742,0
L-Lactic acid,1659393,1391950,1936330,1446236,2208754,1492008
L-Leucine,1125797,80604,1358586,100706,1189948,100401
L-Lysine,3190135,590053,4491736,610717,5004466,628951
L-Malic acid,12388034,3686052,16458926,4001143,16590238,3810155
L-Methionine,348408,3700,374887,9436,230527,10014
L-Phenylalanine,180917,19836,253574,20417,263594,22892
L-Proline,5993912,861220,20363586,557996,24822176,743682
L-Serine,1048373,34931,1027462,39067,809711,41699
L-Threonine,1628055,21283,1965762,34862,1071751,21403
L-Tryptophan,28308,3181,31088,3515,33000,2328
L-Tyrosine,399216,6595,584645,6569,468180,8353
L-Valine,1360599,88297,1661692,98481,1553454,106888
N6-Acetyl-L-lysine,110938,113421,110284,119871,131434,136152
N-Acetylglutamic acid,71077,9551,146248,10547,43498,6401
N-Acetylglutamine,0,0,0,0,1115,1108
N-Acetyl-L-alanine,18990,12468,15557,12736,14263,12436
N-Acetyl-L-methionine,0,0,0,0,1074,0
N-Acetyl-L-phenylalanine,25543,32400,45742,26830,25984,39593
N-Acetylornithine,7504,3934,7094,3537,6488,3435
N-Acetylserine,7705,6330,9764,4363,16653,4925
NAD,56879,0,130929,2804,136260,3015
NADH,5880,0,6190,1361,7893,0
NADP,5949,2543,14678,2557,23165,9227
NADPH,1550,1341,2267,0,2410,0
Niacinamide,920869,424387,2308319,1247729,2797572,1613132
Nicotinic acid,16348,8343,6983,6571,6773,6610
O-Phosphoethanolamine,0,0,0,0,0,0
Ornithine,2088713,410728,2630924,425096,2802726,371080
Orotic acid,0,1702,1288,1281,0,0
Orotidylic acid,0,0,0,0,0,0
Oxidized glutathione,59327,21297,171453,72172,399834,170109
Oxoadipic acid,7155,2100,2445,1309,0,1734
Oxoglutaric acid,117273,12636,193222,11538,531539,14242
Palmitic acid,690596,596810,576132,648189,641113,575955
Pantothenic acid,11008,3132,7082,6076,11004,3115
Phenol,1187998,1000370,763503,742166,767343,736797
Phosphocreatine,130181,16548,757102,75572,1074766,104537
Phosphoenolpyruvic acid,5922,2575,43831,11299,59758,14789
Phosphoribosyl pyrophosphate,0,0,0,0,0,0
Phosphorylcholine,193673248,6522238,216868608,10933922,257509584,13457748
Phosphoserine,2212,0,3613,0,1234,1538
Pipecolic acid,62140,49600,38110,43910,41408,38548
Propionylcarnitine,13877,13731,8938,10107,10217,8000
Pyruvic acid,99527,45448,100784,44454,85124,54323
Ribose 1-phosphate,0,0,2978,0,9236,1869
Saccharopine,1489,0,0,0,0,1309
S-Adenosylhomocysteine,1783,0,4509,0,1992,0
S-Adenosylmethionine,746075,19414,1116119,22121,917881,23666
Sarcosine,8515756,113419,13660977,190919,5661834,167371
Succinic acid,292283,243417,280941,173409,348675,157831
Taurine,91562,2173,75900,1418,166872,1708
Thymidine,1755,1876,0,0,0,1281
Uracil,2544,1506,2183,2311,2455,1958
Ureidopropionic acid,38495,2523,64270,1916,21145,2315
Ureidosuccinic acid,14284,0,24546,1349,22020,0
Uric acid,0,0,0,0,0,0
Uridine,2265,1591,2047,1322,1473,1250
Uridine 5'-diphosphate,2075,0,2180,0,5004,0
Uridine 5'-monophosphate,66498,13085,78034,18575,106136,30427
Uridine diphosphate glucose,25017,0,30719,0,42827,0
Uridine diphosphate-N-acetylglucosamine,8492,0,11581,0,18553,0
Uridine triphosphate,5773,0,31041,5882,63333,14570
Valerylcarnitine,3229,2902,2222,2089,3092,2048
Xanthine,1826,1922,1893,1485,1448,2297
Xanthosine,0,0,0,0,0,0
Xanthylic acid,0,0,0,0,0,0
