Metabolite	Formula	Ion Type	RT Start (min)	RT End (min)	m/z Tolerance (ppm)	RT Tolerance (min)	mz	obs_mz	ppm	winner	RT	RT_min	RT_max	RT_range	detections	S07366	S07367	S07368	S07369	S07370	S07371	S07372	S07373	S07374	S07375	S07376	S07377	SQ437_B_0	SQ437_B_1	SQ437_B_2	SQ437_B_3	SQ437_B_4	SQ437_B_5
1-Methylnicotinamide	C7H8N2O	[M+H]+	19	21	15	0.2	137.0709	137.0708	-1	S07372	20.22	20.11	20.46	0.35	21	17556	21384	21609	15473	18096	18377	53928	38243	40980	41301	34903	44449	9115	6687	6796	5673	8484	3220
"2,3-Diphosphoglyceric acid"	C3H8O10P2	[M-H]-	12	15	15	0.2	264.952	264.9531	4.2	S07377	13.29	13.17	13.4	0.23	3	0	0	0	0	0	0	3401	3412	0	0	0	5128	0	0	0	0	0	0
3-Hydroxybutyric acid	C4H8O3	[M-H]-	5.7	7.7	15	0.2	103.0401	103.0388	-12.3	S07376	7.29	7.16	7.53	0.37	21	154246	166321	138633	162768	153602	181791	183098	194258	184639	211846	247708	223933	152369	141953	141862	138170	156211	153108
3-Phosphoglyceric acid	C3H7O7P	[M-H]-	13	15	15	0.2	184.9857	184.9847	-5.2	S07372	14.26	14.24	14.46	0.22	21	30128	79268	148911	54611	139820	216065	496988	333174	305700	161285	230651	317383	9168	4255	59089	15946	79284	23879
"4,5-Dihydroorotic acid"	C5H6N2O4	[M-H]-	7.5	9.5	15	0.2	157.0255	157.0243	-7.5	S07377	8.55	8.49	8.65	0.16	15	201465	250807	419284	457057	468052	502788	328354	457986	549157	525851	532142	805926	0	0	0	1541	0	0
4-Hydroxyproline	C5H9NO3	[M+H]+	10.2	11.2	15	0.2	132.0655	132.0659	2.9	S07373	10.92	10.85	11	0.16	21	1008014	1211158	1325774	808215	733571	881612	1859212	1967950	1554518	513840	539020	537386	65034	15269	97246	11904	58112	13379
5'-Methylthioadenosine	C11H15N5O3S	[M+H]+	3	5	15	0.2	298.0968	298.0957	-3.8	S07372	4.36	4.19	4.48	0.29	21	4518665	5071175	5726384	5141716	5063696	5718389	7037084	6061640	5028520	3480164	4471134	5393747	38963	3893	45335	2903	37009	3516
5-Phosphoribosylamine	C5H12NO7P	[M-H]-	11.5	13.5	15	0.2	228.0279	228.0269	-4.2	S07370	12.78	12.62	13	0.38	12	1742	2018	1415	2091	6304	1569	3332	2383	3202	0	3260	3256	0	0	0	0	1639	0
6-Phosphogluconic acid	C6H13O10P	[M-H]-	14	17	15	0.2	275.0174	275.0165	-3.1	S07372	15.21	15.08	15.41	0.33	17	2610	8828	13655	7484	14659	14677	24981	21723	16331	13238	16394	20488	0	0	5589	0	8508	1910
Acetoacetic acid	C4H6O3	[M-H]-	8.3	10.3	15	0.2	101.0244	101.023	-14	S07375	9.94	9.74	10.12	0.39	21	28938	28738	37135	40560	52099	49258	46283	40545	40313	57372	53182	48981	22873	17356	25386	20772	27960	24642
Acetyl-CoA	C23H38N7O17P3S	[M+H]+	8	11	15	0.2	810.1331	810.1262	-8.5	S07374	9.74	9.65	9.88	0.23	13	17401	9722	15224	16873	8872	6816	18906	29499	30943	6010	4431	7212	0	0	2090	0	0	0
Acetylcysteine	C5H9NO3S	[M+H]+	6	8	15	0.2	164.0376	164.0374	-1.2	S07376	6.98	6.77	7.23	0.45	15	21346	21695	15965	30226	36033	28530	39347	7718	19909	19859	39754	33955	1612	1756	0	0	0	0
Adenine	C5H5N5	[M+H]+	5	7	15	0.2	136.0618	136.0614	-2.7	S07370	6.41	6.34	6.46	0.13	21	12926249	13067788	11609501	16554408	18198726	8943207	17976088	7658228	4812949	7323326	12328012	12442605	216293	65812	188670	71255	220672	135251
Adenosine	C10H13N5O4	[M+H]+	4.5	7	15	0.2	268.104	268.1033	-2.7	S07366	6.03	5.92	6.1	0.18	21	8448977	6862284	4104250	5891624	4849338	2920210	2715622	3329470	2435525	2504068	4899182	4408412	41513	25534	28949	33514	38527	53844
Adenosine diphosphate ribose	C15H23N5O14P2	[M-H]-	10.9	12.9	15	0.2	558.0644	558.0624	-3.6	S07372	12.16	11.93	12.16	0.23	13	3652	7755	6096	5603	9485	6940	15932	6961	8442	9316	9183	7164	0	0	0	0	2071	0
Adenosine monophosphate	C10H14N5O7P	[M+H]+	9.8	11.8	15	0.2	348.0704	348.0678	-7.4	S07373	10.97	10.81	11.02	0.21	21	452717	481183	473935	492704	527928	510543	543283	823875	569126	482972	685039	668916	132590	31211	178244	67383	319356	102659
Adenosine triphosphate	C10H16N5O13P3	[M-H]-	12.5	14.5	15	0.2	505.9885	505.988	-0.9	S07372	14.02	14.01	14.27	0.26	21	146553	204404	581912	223275	504461	917507	1837310	1537934	1387639	693843	1082941	1832475	20845	2030	188101	32227	306229	61790
Adenylsuccinic acid	C14H18N5O11P	[M-H]-	14.5	16.5	15	0.2	462.0668	462.0672	0.9	S07377	15.75	15.7	15.87	0.17	3	0	0	1427	0	0	0	1727	0	0	0	0	2019	0	0	0	0	0	0
ADP	C10H15N5O10P2	[M-H]-	11.1	13.1	15	0.2	426.0221	426.0215	-1.5	S07377	12.54	12.44	12.61	0.18	21	147694	183268	373523	216853	462983	530238	908056	712704	574482	506928	731265	1076431	42121	24985	257624	98414	450406	160110
Allantoin	C4H6N4O3	[M-H]-	9.3	11.3	15	0.2	157.0367	157.0356	-7.1	S07370	10.31	10.11	10.41	0.3	11	6032	5143	9462	8377	12758	7769	7924	0	6504	0	2074	10816	0	0	0	0	0	0
Aminoadipic acid	C6H11NO4	[M-H]-	5.9	7.9	15	0.2	160.0615	160.0603	-7.7	S07377	6.92	6.77	7.08	0.31	21	519936	595390	592455	688336	621874	730578	957402	768547	797128	1173831	1305643	1393893	1763	1859	4351	2345	2424	1782
Argininosuccinic acid	C10H18N4O6	[M-H]-	12.5	14.5	15	0.2	289.1154	289.1144	-3.3	S07367	13.83	13.69	14.02	0.33	16	7696	14369	13201	10534	8939	10816	9996	9142	9274	7905	7739	8367	1540	0	1832	0	1162	0
Beta-Alanine	C3H7NO2	[M+H]+	9.8	10.5	15	0.2	90.055	90.0553	3.8	S07377	10.48	10.24	10.49	0.25	21	202746	184091	204058	139470	177334	135122	225131	267484	236540	236384	198939	274170	39023	27089	90703	46847	74594	58506
Betaine	C5H11NO2	[M+H]+	7	8.2	15	0.2	118.0863	118.0861	-1.3	S07376	8.04	8	8.1	0.1	21	3975192	4351522	4077081	4315232	4630938	4650396	4718820	4132714	4073310	4489595	4825078	4824246	383751	385142	413825	385400	437101	433375
Butyrylcarnitine	C11H21NO4	[M+H]+	4.2	6.2	15	0.2	232.1543	232.1536	-3.2	S07377	5.86	5.65	5.97	0.31	21	803112	960425	1015239	1232902	1176140	1418194	1826202	1352688	1480312	2409055	2814084	3011974	3318	2851	5701	2450	2885	5608
Carbamoyl phosphate	CH4NO5P	[M-H]-	27	30	15	0.2	139.9754	139.9742	-8.8	S07377	27.87	27.84	28.12	0.28	21	4821333	5834736	6190656	5833046	6249730	6226578	8476653	7960298	8351284	8242906	8334318	8563056	632114	32535	1166884	41117	952212	28699
Carnosine	C9H14N4O3	[M+H]+	10.6	12.6	15	0.2	227.1139	227.1108	-13.5	S07375	10.67	10.67	10.67	0	1	0	0	0	0	0	0	0	0	0	2804	0	0	0	0	0	0	0	0
CDP	C9H15N3O11P2	[M+H]+	13	15	15	0.2	404.0255	404.0258	0.8	S07377	14.44	14.34	14.66	0.32	21	8353	11339	10245	8127	19074	21297	19490	20814	17486	13220	23878	26957	2528	1427	11957	5467	14305	7619
Choline	C5H14NO	[Cat]+	11	15	15	0.2	104.107	104.1071	1.1	S07376	11.01	11	11.15	0.15	21	1151845	1080482	1391928	1394276	1286792	1736901	1610363	1142117	1749697	2276984	2875430	2604378	84213	19853	105521	17292	320653	15686
cis-Aconitic acid	C6H6O6	[M-H]-	14.1	16.1	15	0.2	173.0092	173.0081	-6.1	S07377	15.25	15.12	15.28	0.16	21	1086962	1302028	1930565	1677169	2315418	2111222	3227532	2875767	2384757	2551038	3516876	4647682	101856	32712	493736	87525	777404	103227
Citric acid	C6H8O7	[M-H]-	14.2	16.2	15	0.2	191.0197	191.0188	-4.9	S07377	15.51	15.47	15.58	0.11	21	2227368	3289083	4528466	2648254	4390333	5689788	10219116	8156070	7031892	6483171	8857884	13614272	1971576	958014	1945152	776307	2055455	717657
Citrulline	C6H13N3O3	[M+H]+	10.9	12.9	15	0.2	176.103	176.1026	-2.1	S07377	12.31	12.21	12.36	0.15	21	101920	407552	85508	103884	115323	92820	209622	252183	218097	112355	125404	2219632	26245	27566	37109	27048	113805	24965
Creatine	C4H9N3O2	[M+H]+	10	11.5	15	0.2	132.0768	132.0764	-2.7	S07376	11.12	11.02	11.12	0.1	21	255044896	277924096	273458400	320824960	326779712	322783104	475977472	436667424	420509664	505485984	569474752	568118976	7687539	143192	14419734	695502	22296378	879882
Creatinine	C4H7N3O	[M+H]+	5.2	7.2	15	0.2	114.0662	114.0661	-0.8	S07377	6.7	6.59	6.72	0.12	21	2845381	2641810	2704647	2776357	4311767	2453912	4621546	3659462	3592939	5055950	7109996	7234703	83253	39894	289210	82828	461983	125217
Cyclic AMP	C10H12N5O6P	[M-H]-	5.8	7.8	15	0.2	328.0452	328.0435	-5.3	S07372	6.95	6.81	7.01	0.2	16	20946	18605	29287	19905	22570	13473	29634	27878	20443	19952	24411	25621	0	0	0	1494	2096	2269
Cytidine	C9H13N3O5	[M+H]+	7.1	9.1	15	0.2	244.0928	244.0928	0	S07377	8.56	8.42	8.74	0.32	21	68630	58662	36161	73204	70083	41634	33427	35297	32547	76044	92407	95930	13337	4179	2117	3018	3077	3107
Cytidine monophosphate	C9H14N3O8P	[M+H]+	11.8	13.8	15	0.2	324.0591	324.0568	-7.2	S07377	12.55	12.49	12.58	0.09	15	28290	39399	59625	50889	65705	49911	66074	53698	63116	57199	71906	87406	2421	0	3386	0	4464	0
Cytidine triphosphate	C9H16N3O14P3	[M-H]-	15	20	15	0.2	481.9772	481.9758	-3	S07377	16.01	16.01	16.26	0.25	17	1712	5355	16548	6621	16224	33863	40793	25825	24262	14384	25898	45674	0	0	6347	0	10475	1999
Cytosine	C4H5N3O	[M+H]+	9	11	15	0.2	112.0505	112.0506	0.5	S07372	9.46	9.3	9.69	0.39	21	27712	26260	26724	22080	22658	46103	46220	39543	17639	26106	14574	23024	15031	20593	21890	12642	21568	15684
D-2-Hydroxyglutaric acid	C5H8O5	[M-H]-	11.6	13.6	15	0.2	147.0299	147.0287	-8.2	S07375	12.49	12.39	12.51	0.12	21	4289720	5644170	6074790	6797754	7049616	6786256	5961808	5950060	6092754	11284824	10853773	10390342	120866	31243	146370	26647	440326	31345
D-Glucose	C6H12O6	[M-H]-	9	11	15	0.2	179.0561	179.055	-6.2	S07371	11.02	10.79	11.03	0.24	21	2071761	2206194	2758822	2527473	2747046	3183276	2492313	2135621	1957747	1922864	2256011	2971726	80552	14368	70116	13938	150197	13168
D-Glyceraldehyde 3-phosphate	C3H7O6P	[M-H]-	13	14	15	0.2	168.9908	168.9898	-5.6	S07377	13.46	13.36	13.5	0.14	21	94574	130593	177175	104784	197708	234342	392539	312391	297396	310232	379480	553096	22965	5762	87834	30998	145307	32583
Dihydrofolic acid	C19H21N7O6	[M+H]+	13	16	15	0.2	444.1626	444.162	-1.4	S07371	14.95	14.75	15.2	0.45	6	1299	0	0	0	0	2872	2394	0	0	2589	0	2645	0	0	0	0	0	0
Dihydroxyacetone phosphate	C3H7O6P	[M-H]-	12	13	15	0.2	168.9908	168.9897	-6.2	S07377	12.56	12.49	12.56	0.07	21	630052	812032	1045853	788205	1093515	1155034	1914191	1652498	1600218	1791602	2494593	2730365	26406	2347	96241	9628	144349	14093
D-Ribose 5-phosphate	C5H11O8P	[M-H]-	12.4	13.8	15	0.2	229.0119	229.0111	-3.4	S07377	12.88	12.72	12.95	0.23	20	84221	117989	124949	106542	142923	140781	234026	192348	158084	212883	291000	344837	8960	0	25078	6862	31708	7063
D-Sedoheptulose 7-phosphate	C7H15O10P	[M-H]-	12.2	14.2	15	0.2	289.033	289.0322	-2.8	S07372	13.49	13.34	13.52	0.19	21	106189	126817	159427	110520	152318	145005	235320	202761	163631	155211	233039	219087	14699	2313	32436	8124	29695	8868
dTDP	C10H16N2O11P2	[M-H]-	11	13	15	0.2	401.0157	401.0153	-0.9	S07372	12.03	11.91	12.27	0.36	16	3386	0	3298	4193	5387	7003	10835	5322	10670	0	4975	2620	0	0	3171	1890	2636	1286
FAD	C27H33N9O15P2	[M+H]+	7.6	9.6	15	0.2	786.1644	786.1618	-3.3	S07376	8.94	8.74	9.03	0.28	13	13975	10516	15154	15652	19222	19317	24386	28765	19786	21966	33863	31756	0	0	0	0	2140	0
Folic acid	C19H19N7O6	[M+H]+	13	16	15	0.2	442.147	442.1427	-9.6	S07377	14.15	14.1	14.19	0.09	14	9691	13981	18250	15109	14017	19488	16898	13863	12448	14529	20255	32408	1468	0	0	0	5235	0
"Fructose 1,6-bisphosphate"	C6H14O12P2	[M-H]-	14.1	16.1	15	0.2	338.9888	338.988	-2.3	S07377	15.88	15.65	16.09	0.44	21	10991	19661	55944	15318	55809	90998	217003	180852	175750	107896	164016	342331	9799	1243	42512	2408	71315	10921
Fructose 6-phosphate	C6H13O9P	[M-H]-	12.6	13.5	15	0.2	259.0224	259.0219	-2.1	S07377	13.11	13.03	13.15	0.11	21	607085	810958	824157	646604	864267	960605	1204017	993032	983303	823360	1114590	1321259	56547	14914	150921	31135	173843	35610
Fumaric acid	C4H4O4	[M-H]-	12.2	14.2	15	0.2	115.0037	115.0023	-12	S07372	13.29	13.22	13.32	0.1	21	4239730	5085760	5145508	4619272	4718476	5153442	6962908	5884811	6007429	5179850	6072126	6601622	221901	52502	409013	62272	415041	54157
Glucose 6-phosphate	C6H13O9P	[M-H]-	13.6	14.4	15	0.2	259.0224	259.022	-1.7	S07372	14.02	13.93	14.05	0.12	21	748167	1056216	1231560	890410	1131005	1300567	1638432	1391871	1312582	1073545	1207325	1430320	210873	61960	281482	55783	287176	55669
Glutathione	C10H17N3O6S	[M+H]+	10	13	15	0.2	308.0911	308.0898	-4.2	S07376	11.49	11.42	11.56	0.14	21	27138308	16880522	2012267	1058536	15347832	12996323	25024554	18519450	25262016	72834608	88092040	84400256	78501	25380	255689	111139	742720	317138
Glycerol 3-phosphate	C3H9O6P	[M-H]-	11.5	13	15	0.2	171.0064	171.0053	-6.4	S07377	12.16	12.08	12.2	0.12	21	1957600	2681632	3556278	2651829	3835649	3659324	9144658	7968400	7068286	7610448	9646653	10459811	218336	40578	1100034	155288	1346744	166631
Glycine	C2H5NO2	[M+H]+	10.7	12.7	15	0.2	76.0393	76.0398	6.5	S07375	12.06	11.99	12.09	0.1	21	19087386	19320698	20473726	17974630	18123152	19431718	29594324	26035242	26836738	31660872	31170146	30589832	9367796	7818770	9372741	7572957	9764687	8114470
Guanidoacetic acid	C3H7N3O2	[M+H]+	10.7	12.7	15	0.2	118.0611	118.061	-0.9	S07377	12.15	12.07	12.15	0.08	21	81145176	86720456	91866688	84537864	81432536	89170800	197365328	166207856	188081792	250638256	242718336	252117056	5086456	8271	10885688	27557	18569598	31927
Guanine	C5H5N5O	[M+H]+	7.7	9.7	15	0.2	152.0567	152.0565	-1.2	S07369	8.83	8.76	9.04	0.28	21	120633	75179	39513	127172	101604	30304	50461	36596	22220	43937	60648	57032	12236	8173	3153	5874	7845	3705
Guanosine	C10H13N5O5	[M+H]+	7.7	9.7	15	0.2	284.0989	284.0986	-1.2	S07377	9.13	8.88	9.26	0.37	16	36227	14893	13677	19383	19002	19073	18924	13193	17981	35486	52039	77578	11705	2703	0	0	0	1919
Guanosine diphosphate	C10H15N5O11P2	[M-H]-	13.8	15.8	15	0.2	442.0171	442.0167	-0.8	S07377	15.44	15.28	15.52	0.24	21	4923	5884	12487	6539	10361	13743	18629	16896	19009	14173	18914	30146	1661	1230	8327	2244	15356	5735
Guanosine monophosphate	C10H14N5O8P	[M+H]+	12.6	14.6	15	0.2	364.0653	364.063	-6.3	SQ437_B_0	13.81	13.78	13.93	0.14	21	18159	15673	16010	8083	11268	11101	15722	16769	16495	21339	15842	20937	71888	24110	8437	7448	7137	2678
Guanosine triphosphate	C10H16N5O14P3	[M-H]-	15	17	15	0.2	521.9834	521.9832	-0.4	S07377	16.99	16.91	16.99	0.08	7	0	0	1282	0	0	1954	6330	2160	1862	0	5076	10130	0	0	0	0	0	0
Homocysteine	C4H9NO2S	[M-H]-	7.3	9.3	15	0.2	134.0281	134.0299	13.2	S07377	7.31	7.26	7.5	0.24	13	0	0	0	8188	4473	0	21242	21548	10606	0	4376	27179	1432	0	1800	1538	0	1479
Hypotaurine	C2H7NO2S	[M+H]+	10	12	15	0.2	110.027	110.027	-0.2	S07376	11.44	11.28	11.45	0.18	17	1540328	2063176	2134152	2888307	2761540	2869088	2636384	2429232	2362514	4562842	5235412	5045578	29289	0	43388	0	44811	0
Hypoxanthine	C5H4N4O	[M+H]+	5.8	7.8	15	0.2	137.0458	137.0455	-2.1	S07377	7.77	7.54	7.77	0.23	21	44214	50328	52494	143645	110414	127260	43816	57253	30169	60693	92613	178694	3061	2247	2518	2414	2860	1864
Inosine	C10H12N4O5	[M+H]+	6.4	8.4	15	0.2	269.088	269.0862	-6.9	S07370	7.84	7.64	7.97	0.33	12	28221	20413	31689	71759	90389	82399	22853	23764	23228	55767	67328	88039	0	0	0	0	0	0
Inosinic acid	C10H13N4O8P	[M+H]+	11.4	13.4	15	0.2	349.0544	349.0515	-8.3	S07370	12.62	12.59	12.8	0.21	12	4472	6143	3648	4608	7669	4169	6688	7507	4947	7384	7081	0	0	0	1998	0	0	0
L-Acetylcarnitine	C9H17NO4	[M+H]+	6.3	8.3	15	0.2	204.123	204.1224	-3.1	S07377	7.79	7.56	7.92	0.36	21	1904316	1605797	2116200	3091527	3467962	3442797	2663893	1919473	2235348	4813509	5125000	5831314	16322	15263	10794	10643	11906	10072
L-Alanine	C3H7NO2	[M+H]+	10.6	11.2	15	0.2	90.055	90.0552	2.7	S07372	11.19	11.09	11.2	0.11	21	250473056	279412736	280434912	235641888	236370800	247588784	389069248	350296384	357618624	171055392	160021264	175485456	12573427	165430	20016368	252924	8759799	239814
L-Arginine	C6H14N4O2	[M+H]+	18.5	21	15	0.2	175.119	175.1185	-2.6	S07377	20.39	20.32	20.55	0.23	21	18945286	25134710	25447962	19686454	23864068	26398398	23442052	22575298	22550128	21118804	22068992	27352140	10102375	2756652	9274954	2318849	10815290	2617241
L-Asparagine	C4H8N2O3	[M+H]+	10.3	12.3	15	0.2	133.0608	133.0605	-2	S07372	11.68	11.55	11.73	0.19	21	1049311	977174	1281758	637489	663451	560943	4237354	3482126	3291100	341851	409216	430587	46191	3074	113624	6053	27711	5342
L-Aspartic acid	C4H7NO4	[M-H]-	10.8	12.8	15	0.2	132.0302	132.0289	-10.1	S07368	12.04	11.89	12.04	0.15	21	30327814	35065012	36713228	31159864	32585218	32827854	32607638	29468054	31588108	16921226	16049938	16952522	2050897	58553	2155555	48794	1441148	30860
L-Carnitine	C7H16NO3	[Cat]+	8.3	10.3	15	0.2	162.1125	162.1119	-3.5	S07377	9.85	9.81	9.94	0.13	21	1830220	2136454	2702769	3217380	3084554	3235466	4300740	3418680	3513230	6762066	7732668	8292106	18933	10879	19847	12473	29672	9162
L-Cystathionine	C7H14N2O4S	[M+H]+	12.2	14.2	15	0.2	223.0747	223.074	-3.2	S07372	13.54	13.48	13.58	0.1	21	791363	1068083	1232842	600827	798477	841267	2507367	1892499	1914338	313716	345737	569491	27810	2958	74298	9223	25808	6098
L-Cysteine	C3H7NO2S	[M+H]+	13	17	15	0.2	122.027	122.0272	1.4	S07377	13.93	13.68	14.15	0.47	16	1875	2355	2672	1655	2691	3531	8144	3945	4092	2744	3718	11059	0	0	1637	1488	1489	0
L-Cystine	C6H12N2O4S2	[M-H]-	11.7	13.7	15	0.2	239.0166	239.0155	-4.5	S07369	12.87	12.76	12.96	0.2	13	1908	2327	2856	5626	1443	1889	0	2208	0	2752	2493	0	2179	1333	1004	0	0	0
L-Glutamic acid	C5H9NO4	[M+H]+	10	13	15	0.2	148.0604	148.06	-2.9	S07372	11.76	11.63	11.76	0.13	21	292281664	309193184	335917792	314105536	299959040	312207488	363826400	344263936	330420672	206534608	238447920	235452352	24334398	515793	28711926	911899	20163582	702864
L-Glutamine	C5H10N2O3	[M+H]+	10.1	12.1	15	0.2	147.0764	147.0759	-3.5	S07372	11.52	11.39	11.53	0.13	21	729829632	811804736	798679552	636709120	647699136	678570880	835338304	774815360	803488832	478204192	488798880	525671616	66526572	362584	65308548	681199	33077860	468432
L-Histidine	C6H9N3O2	[M+H]+	9.9	11.9	15	0.2	156.0768	156.0763	-2.9	S07368	11.09	10.89	11.23	0.33	21	43371636	52939892	57224160	37055480	33522778	41844588	49552484	50148708	49502980	18971692	20938256	28800668	5855880	161179	7290897	198567	6363190	178183
L-Isoleucine	C6H13NO2	[M+H]+	6	7.5	15	0.2	132.1019	132.1016	-2.3	S07372	7.44	7.34	7.45	0.11	21	88320064	104060064	117711496	110128208	94138392	99042888	136682304	119806728	107783200	72785896	86594416	118888128	710669	59987	785074	72298	667359	67452
L-Kynurenine	C10H12N2O3	[M+H]+	6	8	15	0.2	209.0921	209.092	-0.3	S07373	7.57	7.35	7.78	0.43	17	51740	55552	78493	31469	41696	56314	71030	90183	86948	32277	47025	45297	3045	2862	0	0	2742	0
L-Lactic acid	C3H6O3	[M-H]-	6.2	8.2	15	0.2	89.0244	89.0231	-14.8	S07377	7.14	7.01	7.38	0.38	21	157859104	184120656	162918272	61504944	163279328	87367824	173016112	295789664	165660720	316057504	236070208	395542144	1659393	1391950	1936330	1446236	2208754	1492008
L-Leucine	C6H13NO2	[M+H]+	7.5	9	15	0.2	132.1019	132.1016	-2.3	S07372	8	7.9	8.02	0.13	21	216846320	242659904	259340352	218016240	220654608	237501776	305454080	265219440	262362464	172246336	195013904	238851616	1125797	80604	1358586	100706	1189948	100401
L-Lysine	C6H14N2O2	[M+H]+	18	20	15	0.2	147.1128	147.1124	-2.7	S07377	19.34	19.3	19.46	0.15	21	11915853	17061276	19579320	13481232	16300823	20394152	21231570	19511376	18761220	15386250	16705621	22644988	3190135	590053	4491736	610717	5004466	628951
L-Malic acid	C4H6O5	[M-H]-	12.2	14.2	15	0.2	133.0142	133.0129	-10.1	S07372	13.29	13.22	13.31	0.09	21	75488448	88480920	92927368	77578624	88225304	98922752	122430416	110561320	112903920	92442880	106503664	116092320	12388034	3686052	16458926	4001143	16590238	3810155
L-Methionine	C5H11NO2S	[M+H]+	6.8	8.8	15	0.2	150.0583	150.058	-2.2	S07372	8.2	8.11	8.23	0.12	21	109821032	124164392	132196448	96850640	93422864	106741728	148775168	124160240	121812888	58831972	68457600	83741976	348408	3700	374887	9436	230527	10014
L-Phenylalanine	C9H11NO2	[M+H]+	5.6	7.6	15	0.2	166.0863	166.0857	-3.3	S07372	7.01	6.93	7.07	0.14	21	143650448	160301488	172830800	140582544	136497248	154454752	197257680	181240448	179100800	108729296	128312280	155710832	180917	19836	253574	20417	263594	22892
L-Proline	C5H9NO2	[M+H]+	7.9	9.9	15	0.2	116.0706	116.0705	-0.9	S07377	9.37	9.29	9.42	0.12	21	444358528	500123040	501305440	508435520	508636576	523604064	984932864	951235840	900499456	908398592	1009704512	1013778688	5993912	861220	20363586	557996	24822176	743682
L-Serine	C3H7NO3	[M+H]+	10.8	12.8	15	0.2	106.0499	106.0499	0.3	S07372	12.16	12.05	12.18	0.13	21	15949351	17623678	17909354	14165899	13741362	16687934	18979634	16636344	17620638	12389244	12678024	14598318	1048373	34931	1027462	39067	809711	41699
L-Threonine	C4H9NO3	[M-H]-	9.5	11.5	15	0.2	118.051	118.0496	-11.6	S07372	10.96	10.81	10.99	0.17	21	19786356	20624430	20417866	15250660	16679571	16044608	32047378	27492600	27346590	11941145	11522207	11926950	1628055	21283	1965762	34862	1071751	21403
L-Tryptophan	C11H12N2O2	[M+H]+	6.8	8.8	15	0.2	205.0972	205.0965	-3.2	S07372	8.25	8.14	8.4	0.26	20	16611743	19298066	22021164	16939132	16726902	20154076	24717976	20648472	19930736	12913110	15109340	19527720	28308	3181	31088	3515	33000	2328
L-Tyrosine	C9H11NO3	[M+H]+	8.2	10.2	15	0.2	182.0812	182.0807	-2.6	S07368	9.61	9.44	9.62	0.18	21	51264604	58364700	66300648	52554140	48337616	57981244	57168860	49665884	50089820	30703378	34126464	41386860	399216	6595	584645	6569	468180	8353
L-Valine	C5H11NO2	[M+H]+	8.3	9.2	15	0.2	118.0863	118.0862	-0.5	S07372	9.11	9.02	9.15	0.13	21	148799712	158816064	170858704	148039488	138931456	160457712	200014288	182021104	176544096	122912560	133112544	159471696	1360599	88297	1661692	98481	1553454	106888
N6-Acetyl-L-lysine	C8H16N2O3	[M+H]+	1.9	3.9	15	0.2	189.1234	189.1214	-10.4	S07368	3.21	3.15	3.23	0.09	21	1959962	1835435	2907500	909120	2562450	809231	664946	2164901	728445	772773	390792	517586	110938	113421	110284	119871	131434	136152
N-Acetylglutamic acid	C7H11NO5	[M+H]+	10.3	12.3	15	0.2	190.071	190.0704	-3.2	S07374	11.73	11.56	11.85	0.29	21	384347	355553	558756	126984	143419	159210	460952	568663	782312	417142	240276	278064	71077	9551	146248	10547	43498	6401
N-Acetylglutamine	C7H12N2O4	[M-H]-	6.8	8.8	15	0.2	187.0724	187.0713	-6	S07372	8.03	7.86	8.08	0.22	15	301186	310960	314107	209157	233193	232259	368879	296457	249674	130938	184768	164710	0	0	0	0	1115	1108
N-Acetyl-L-alanine	C5H9NO3	[M+H]+	6	7	15	0.2	132.0655	132.0652	-2.4	S07377	6.5	6.3	6.74	0.44	21	2832395	3267759	3272030	3406511	3241805	3490239	6484732	5512306	5513290	5521002	6415137	6683578	18990	12468	15557	12736	14263	12436
N-Acetyl-L-methionine	C7H13NO3S	[M+H]+	3	5	15	0.2	192.0689	192.0683	-3.1	S07372	4.17	4.1	4.35	0.26	13	1006121	1109498	1271989	1160448	1003276	1158116	2666913	2251381	2156003	1646464	1846171	2051593	0	0	0	0	1074	0
N-Acetyl-L-phenylalanine	C11H13NO3	[M+H]+	2.8	4	15	0.2	208.0968	208.0963	-2.5	S07372	3.55	3.47	3.57	0.1	21	96496	84902	109928	70056	77108	101256	151802	91540	111292	70942	67121	83437	25543	32400	45742	26830	25984	39593
N-Acetylornithine	C7H14N2O3	[M+H]+	8.6	10.6	15	0.2	175.1077	175.1074	-1.8	S07372	10.06	9.83	10.18	0.34	21	18914	19257	24175	20208	22983	15597	29440	20806	27924	18624	23514	21529	7504	3934	7094	3537	6488	3435
N-Acetylserine	C5H9NO4	[M-H]-	7.5	8.5	15	0.2	146.0459	146.0447	-8.1	S07377	8.16	8.02	8.31	0.29	21	8708903	9445965	10088244	10132806	10447740	11096042	19344504	15663741	15297970	18346462	20928362	21099732	7705	6330	9764	4363	16653	4925
NAD	C21H28N7O14P2	[Cat]+	9.9	11.9	15	0.2	664.1164	664.1161	-0.5	S07377	11.17	10.96	11.17	0.21	20	936752	1262711	1460620	1066309	1291548	1444292	2160035	1775460	1998427	1677456	1771359	2165475	56879	0	130929	2804	136260	3015
NADH	C21H29N7O14P2	[M-H]-	9.5	11.5	15	0.2	664.1175	664.1166	-1.4	S07377	10.69	10.57	10.75	0.18	16	150227	199524	209523	202926	182648	242450	307282	248640	256556	256932	338639	394991	5880	0	6190	1361	7893	0
NADP	C21H29N7O17P3	[Cat]+	12.7	14.7	15	0.2	744.0827	744.0787	-5.4	S07377	14.06	13.99	14.23	0.24	21	16214	14868	30301	16454	31310	38286	47944	49320	40196	30447	52854	62214	5949	2543	14678	2557	23165	9227
NADPH	C21H30N7O17P3	[M-H]-	13	15	15	0.2	744.0838	744.0817	-2.9	S07372	14.53	14.38	14.58	0.2	16	42060	37964	52728	47938	42403	51923	75334	54288	57504	51605	64955	50515	1550	1341	2267	0	2410	0
Niacinamide	C6H6N2O	[M+H]+	3.3	5.3	15	0.2	123.0553	123.055	-2.4	S07377	4.71	4.63	4.72	0.09	21	49113424	55881084	66919368	58206400	59507060	70677856	78722808	69475792	70087432	68977624	74057824	95535392	920869	424387	2308319	1247729	2797572	1613132
Nicotinic acid	C6H5NO2	[M-H]-	5.5	7.5	15	0.2	122.0248	122.0238	-7.8	SQ437_B_0	6.55	6.31	6.77	0.46	21	8088	8569	8308	7791	7333	9177	7987	11521	9730	7923	8418	11455	16348	8343	6983	6571	6773	6610
O-Phosphoethanolamine	C2H8NO4P	[M+H]+	11.4	13.4	15	0.2	142.0264	142.0264	0.2	S07376	11.89	11.89	12.08	0.18	2	0	0	26612	0	0	0	0	0	0	0	49295	0	0	0	0	0	0	0
Ornithine	C5H12N2O2	[M+H]+	17	19	15	0.2	133.0972	133.0969	-1.9	S07377	17.69	17.61	17.76	0.15	21	6604819	9301530	9214019	7476945	8384546	9838633	11076539	10505005	9567334	8346386	9437711	11089386	2088713	410728	2630924	425096	2802726	371080
Orotic acid	C5H4N2O4	[M-H]-	6.7	8.7	15	0.2	155.0098	155.0087	-7.3	S07377	7.71	7.58	7.91	0.33	18	75311	89395	108352	95784	89650	111055	78928	92725	112978	91172	106284	125221	0	1702	1288	1281	0	0
Orotidylic acid	C10H13N2O11P	[M+H]+	0	30	15	0.2	369.033	369.0314	-4.3	S07366	7.96	7.96	7.96	0	1	11090	0	0	0	0	0	0	0	0	0	0	0	0	0	0	0	0	0
Oxidized glutathione	C20H32N6O12S2	[M+H]+	13.5	15.5	15	0.2	613.1592	613.1575	-2.8	S07369	14.77	14.74	14.83	0.09	21	3937685	8069208	11880018	14841559	11513949	13288829	3968342	3530594	2100167	2422165	4233552	4325590	59327	21297	171453	72172	399834	170109
Oxoadipic acid	C6H8O5	[M-H]-	7.5	9.5	15	0.2	159.0299	159.0289	-6.3	SQ437_B_0	7.54	7.54	7.75	0.21	8	0	0	0	0	0	0	0	0	0	0	0	0	7155	2100	2445	1309	0	1734
Oxoglutaric acid	C5H6O5	[M-H]-	10.8	14.8	15	0.2	145.0142	145.013	-8.6	S07377	12.86	12.65	12.87	0.22	21	14569729	17435206	17603790	20030276	19767914	22893260	30562164	25000764	24725016	46812628	55266652	57191312	117273	12636	193222	11538	531539	14242
Palmitic acid	C16H32O2	[M-H]-	1.6	3.6	15	0.2	255.233	255.2323	-2.6	S07376	2.85	2.82	2.91	0.09	21	6817709	9505565	9533514	6131006	5652634	11513757	15465780	10604542	8111785	8641989	20015370	11993933	690596	596810	576132	648189	641113	575955
Pantothenic acid	C9H17NO5	[M+H]+	5.1	7.1	15	0.2	220.118	220.1173	-3	S07371	6.21	5.97	6.42	0.45	21	29292520	31968604	34295060	36315540	36309940	38994168	19367314	16886474	15413587	18408720	21262786	25429028	11008	3132	7082	6076	11004	3115
Phenol	C6H6O	[M-H]-	2.1	4.1	15	0.2	93.0346	93.0333	-13.9	SQ437_B_0	3.42	3.39	3.65	0.26	21	725075	675104	585368	477964	597204	610340	539663	509358	576852	534049	479572	522677	1187998	1000370	763503	742166	767343	736797
Phosphocreatine	C4H10N3O5P	[M-H]-	11.2	13.2	15	0.2	210.0285	210.0277	-4	S07377	12.39	12.35	12.43	0.08	21	1891732	2524896	3403469	3161008	3813594	3899783	7450242	5947386	5369032	8071146	9909884	9931316	130181	16548	757102	75572	1074766	104537
Phosphoenolpyruvic acid	C3H5O6P	[M-H]-	13.6	15.6	15	0.2	166.9751	166.974	-6.6	S07371	14.81	14.81	15.05	0.24	21	83741	141528	341307	250002	397324	560698	337488	361033	294813	133178	285201	424212	5922	2575	43831	11299	59758	14789
Phosphoribosyl pyrophosphate	C5H13O14P3	[M-H]-	15	18	15	0.2	388.9445	388.9388	-14.8	S07376	15.62	15.62	15.64	0.01	2	1252	0	0	0	0	0	0	0	0	0	1788	0	0	0	0	0	0	0
Phosphorylcholine	C5H14NO4P	[M+H]+	10	13	15	0.2	184.0733	184.0728	-2.8	S07377	11.9	11.84	11.96	0.12	21	1052292672	1197206272	1256155136	1156918528	1247692032	1284890496	1275959936	1228344320	1186025984	1187464960	1288749312	1335585920	193673248	6522238	216868608	10933922	257509584	13457748
Phosphoserine	C3H8NO6P	[M+H]+	11.5	13.5	15	0.2	186.0162	186.0162	0	S07372	13.45	13.4	13.46	0.05	18	3191	8070	3760	4352	5837	10499	10920	3500	4138	2646	0	3206	2212	0	3613	0	1234	1538
Pipecolic acid	C6H11NO2	[M+H]+	7.5	9.5	15	0.2	130.0863	130.0862	-0.4	S07374	8.25	8	8.49	0.48	21	89652	77456	93895	73252	79060	102488	101365	85112	109015	89793	101413	98383	62140	49600	38110	43910	41408	38548
Propionylcarnitine	C10H19NO4	[M+H]+	5.2	7.2	15	0.2	218.1387	218.138	-3.1	S07377	6.7	6.52	6.93	0.42	21	173523	230126	252930	345168	244371	296154	378509	300433	246085	627837	655552	680953	13877	13731	8938	10107	10217	8000
Pyruvic acid	C3H4O3	[M-H]-	5.5	7.5	15	0.2	87.0088	87.0075	-14.6	S07377	6.12	5.89	6.12	0.24	15	3040576	3620506	3469472	0	2764807	0	0	0	0	4607059	0	6288242	99527	45448	100784	44454	85124	54323
Ribose 1-phosphate	C5H11O8P	[M-H]-	11	12.4	15	0.2	229.0119	229.0112	-3	S07377	12.19	12.15	12.29	0.13	17	8976	12147	12723	8917	14453	12449	21947	18444	20162	19929	22060	31110	0	0	2978	0	9236	1869
Saccharopine	C11H20N2O6	[M-H]-	11	14	15	0.2	275.1249	275.1277	10.3	S07374	12.07	11.87	12.15	0.27	3	0	0	0	0	0	0	0	0	5307	0	0	0	1489	0	0	0	0	1309
S-Adenosylhomocysteine	C14H20N6O5S	[M-H]-	8.6	10.6	15	0.2	383.1143	383.1129	-3.7	S07376	10.07	9.95	10.13	0.17	15	57739	42617	49556	48551	58645	55326	57020	43492	45948	63270	68843	59261	1783	0	4509	0	1992	0
S-Adenosylmethionine	C15H22N6O5S	[M+H]+	10.7	12.7	15	0.2	399.1445	399.1436	-2.3	S07367	12.43	12.36	12.55	0.19	21	11615140	14427278	12929715	11944248	10598215	11599370	10082234	10874488	11405082	8405008	6971153	6993604	746075	19414	1116119	22121	917881	23666
Sarcosine	C3H7NO2	[M+H]+	11.2	12	15	0.2	90.055	90.0552	2.7	S07372	11.22	11.2	11.24	0.04	21	228505376	263486160	280076960	221713072	217545776	218047424	358244320	300557856	353729952	169318496	172016272	186569552	8515756	113419	13660977	190919	5661834	167371
Succinic acid	C4H6O4	[M-H]-	11.3	13.3	15	0.2	117.0193	117.018	-11.4	S07376	12.48	12.42	12.49	0.08	21	2814051	3502688	3789070	4977397	4123929	4022294	4746066	4306395	4137576	4392034	5202090	4890784	292283	243417	280941	173409	348675	157831
Taurine	C2H7NO3S	[M-H]-	10.2	12.2	15	0.2	124.0074	124.006	-11.2	S07372	11.47	11.3	11.52	0.22	21	26597956	31132536	35392836	35536868	32572986	35685884	35960448	30907222	31512308	24667492	27244308	27884162	91562	2173	75900	1418	166872	1708
Thymidine	C10H14N2O5	[M-H]-	3.5	5.5	15	0.2	241.083	241.0835	2.1	S07370	3.51	3.51	3.7	0.2	13	68129	9453	5584	0	100691	1385	54587	31618	0	2394	5808	0	1755	1876	0	0	0	1281
Uracil	C4H4N2O2	[M+H]+	5.4	7.4	15	0.2	113.0346	113.0343	-2.3	S07369	6.77	6.56	7	0.44	20	4568	3239	2459	6650	4292	4990	3066	4071	0	4622	4614	5253	2544	1506	2183	2311	2455	1958
Ureidopropionic acid	C4H8N2O3	[M-H]-	10.4	12.4	15	0.2	131.0462	131.0449	-10	S07374	11.65	11.54	11.82	0.28	21	296121	274579	386288	128487	170294	147051	897391	845766	897863	80993	79707	149412	38495	2523	64270	1916	21145	2315
Ureidosuccinic acid	C5H8N2O5	[M-H]-	12.8	14.8	15	0.2	175.036	175.035	-6	S07372	13.95	13.87	14.03	0.16	19	658394	843057	1003156	744687	971326	1349616	3650861	2490635	2198833	1066633	1924227	2862772	14284	0	24546	1349	22020	0
Uric acid	C5H4N4O3	[M+H]+	8.8	10.8	15	0.2	169.0356	0	0		0	0	0	0	0	0	0	0	0	0	0	0	0	0	0	0	0	0	0	0	0	0	0
Uridine	C9H12N2O6	[M-H]-	5.5	7.5	15	0.2	243.0623	243.0613	-4	S07366	6.88	6.66	7.1	0.44	21	45907	37312	24082	44416	41464	37595	26271	27337	20382	23114	37644	43220	2265	1591	2047	1322	1473	1250
Uridine 5'-diphosphate	C9H14N2O12P2	[M+H]+	12.4	14.4	15	0.2	405.0095	405.0071	-5.9	S07376	13.6	13.55	13.83	0.28	16	51171	56700	73426	71937	63134	77526	86239	63356	62119	66552	106802	100077	2075	0	2180	0	5004	0
Uridine 5'-monophosphate	C9H13N2O9P	[M-H]-	11.2	13.2	15	0.2	323.0286	323.0275	-3.4	S07370	12.34	12.28	12.39	0.1	21	132732	177845	173190	147156	296074	196401	236174	178236	183603	214435	237933	293629	66498	13085	78034	18575	106136	30427
Uridine diphosphate glucose	C15H24N2O17P2	[M-H]-	12.4	14.4	15	0.2	565.0478	565.047	-1.3	S07372	13.59	13.47	13.65	0.18	18	969502	1190931	1369651	1249152	1265356	1473294	1711551	1452924	1245430	1433267	1669762	1692870	25017	0	30719	0	42827	0
Uridine diphosphate-N-acetylglucosamine	C17H27N3O17P2	[M+H]+	11.2	13.2	15	0.2	608.0889	608.0865	-3.9	S07377	12.44	12.37	12.47	0.09	16	203585	230199	285910	258916	260141	245155	399694	349622	286587	285752	367288	417198	8492	0	11581	0	18553	0
Uridine triphosphate	C9H15N2O15P3	[M-H]-	15	18	15	0.2	482.9613	482.9603	-2	S07377	15.53	15.51	15.78	0.26	19	35618	42314	113853	53366	100279	183880	254077	193150	163566	112485	178370	277988	5773	0	31041	5882	63333	14570
Valerylcarnitine	C12H23NO4	[M+H]+	3.6	5.7	15	0.2	246.17	246.1702	0.9	S07376	5.16	4.91	5.4	0.5	21	19230	15432	21952	31585	25357	24600	27244	20602	27373	45949	52283	48919	3229	2902	2222	2089	3092	2048
Xanthine	C5H4N4O2	[M-H]-	7.5	9.4	15	0.2	151.0261	151.0251	-6.9	S07367	8.55	8.32	8.8	0.47	21	10278	34175	9654	10908	10486	9944	15523	17620	13143	14799	17987	19177	1826	1922	1893	1485	1448	2297
Xanthosine	C10H12N4O6	[M-H]-	6.7	8.7	15	0.2	283.0684	283.0662	-7.8	S07373	7.63	7.63	7.63	0	1	0	0	0	0	0	0	0	5702	0	0	0	0	0	0	0	0	0	0
Xanthylic acid	C10H13N4O9P	[M-H]-	11	13	15	0.2	363.0347	363.0346	-0.4	S07377	12.34	12.34	12.43	0.09	5	0	0	0	0	0	0	5201	0	2802	3846	6815	21440	0	0	0	0	0	0
